<?xml version="1.0" encoding="UTF-8" standalone="yes"?>
<addon id="repository.eral" name="ERAL Repository for Kodi" version="0.0.1" provider-name="ERAL">
	<extension point="xbmc.addon.repository">
		<info>https://raw.githubusercontent.com/eral/kodi.repository.eral/download/addons.xml</info>
		<checksum>https://raw.githubusercontent.com/eral/kodi.repository.eral/download/addons.xml.hash</checksum>
		<datadir>https://raw.githubusercontent.com/eral/kodi.repository.eral/download/resources/</datadir>
	</extension>
	<extension point="xbmc.addon.metadata">
		<summary>ERAL Repository for Kodi</summary>
		<description>ERAL Repository for Kodi</description>
		<platform>all</platform>
		<assets>
			<icon>resources/meta/icon.png</icon>
			<fanart>resources/meta/fanart.jpg</fanart>
		</assets>
	</extension>
</addon>
